CC NO.,SUBJECT,DATE,PDF_NAME,TYPE
365,Extension of 13413/14 Malda Town-Delhi Farakka Express & 13483/84 Malda Town-Delhi Farakka Express upto Bathinda,04.01.2024,CC-365-2023-EXT-FARAKKA%20EXPRESS%20TO%20BHATINDA%20(1).pdf,EX
364A,Introduction of 22425/26 Anand Vihar(T)-Ayodhya Vande Bharat Express,29.12.2023,CC%20364%20A%20INTRO%20ANVT-AYODHYA%20CANTT.pdf,IN
364,Introduction of 22425/26 Anand Vihar(T)-Ayodhya Vande Bharat Express,28.12.2023,CC-364-2023-INTRO-ANAND%20VIHAR-AYODHYA%20VANDE%20BHARAT%20EXPRESS.pdf,IN
363,Introduction of 20641/42 Bengaluru Cantt.-Coimbatore Vande Bharat Express,28.12.2023,CC-363-2023-INTRO-COIMBATORE-BENGALURU%20VANDE%20BHARAT%20EXPRESS.pdf,IN
362,Introduction of 20706/07 Jalna-Mumbai CSMT Vande Bharat Express,28.12.2023,CC-362-2023-INTRO-JALNA-MUMBAI%20VANDE%20BHARAT%20EXPRESS.pdf,IN
361A,Introduction of new Vande Bharat Train between Shri Mata Vaishno Devi Katra and New Delhi,29.12.2023,CC%20361%20A.pdf,IN
361,Introduction of new Vande Bharat Train between Shri Mata Vaishno Devi Katra and New Delhi,28.12.2023,CC-361%20INTRO%20SMVT%20-NDLS.pdf,IN
360,Introduction of 20645/46 Madgaon-Mangalore Vande Bharat Express,28.12.2023,CC-360-2023-INTRO-MANGALORE-MADGAON%20VANDE%20BHARAT%20EXPRESS.pdf,IN
359A,Introduction of 22488/87 Amritsar-Delhi Vande Bharat Expresss,29.12.2023,CC%20359%20A.pdf,IN
359,Introduction of 22488/87 Amritsar-Delhi Vande Bharat Expresss,29.12.2023,CC-359-2023-INTRO-ASR-NEW%20DELHI%20VANDE%20BHARAT%20(1).pdf,IN
358A,Stoppage of 15557/58 Darbhanga-Anand Vihar (T) Amrit Bharat Express at Ghorasahan,29.12.2023,CC%20358%20A.pdf,ST
358,Introduction of 15557/58 Darbhanga-Anand Vihar (T) Amrit Bharat Express,28.12.2023,CC%20358%20.pdf,IN
357,Introduction of 13434/33 Malda Town-SMVT Bengaluru Amrit Bharat Express,28.12.2023,CC-357-2023-INTRO-%20MALDA-SMVT%20BENGALURU%20AMRIT%20BHARAT.pdf,IN
356,Extension of 16845/46 Erode-Tirunelveli upto Sengottai,27.12.2023,CC-356.pdf,EX
355,Stoppage of 03369/70 Koderma-Madhupur Passenger and 03605/06 Koderma-Maheshmunda Passenger at Jharkhand Dham Halt,27.12.2023,CC-355.pdf,ST
354,Running of 08714/15 (68714/15) Balaghat-NSCB Itwari MEMU via Tumsar Road-Tirodi-Balaghat,26.12.2023,CC-354-2023-DIV-ITWARI-BALAGHAT%20VIA%20TIRODI.pdf,RU
353,Extension of 15201/02 Narkatiaganj-Patliputra Express upto Bagaha,26.12.2023,CC-353-2023-%20EXT-NKE-PPTA%20EXPRESS%20UPTO%20BAGAHA.pdf,EX
352,Extension of 18617/18 Ranchi-New Delhi Giridih Express upto Madhupur,26.12.2023,CC-352-2023-EXT-RANCHI-NEW%20GIRIDIH%20EXPRESS%20TO%20MADHUPUR(1).pdf,EX
351,Stopppage of 13159/60 Kolkata-Jogbani Express at Kumedpur & 13149/50 Sealdah-Alipurduar Kanchan Kanya Express at Bhaluka Road,26.12.2023,CC-351-2023-STOP-KUMEDPUR-BHALUKA%20ROAD.pdf,ST
350,Stoppage of 13401/02 Bhagalpur-Danapur Express at Rampur Halt,26.12.2023,CC-350-2023-STOP-RAMPUR%20HALT.pdf,ST
349,Stoppage of 15553/54 Bhagalpur-Jaynagar Express & 15551/52 Darbhanga-Banaras Antodaya Express at Laheria Sarai,26.12.2023,CC-349-2023-STOP-LAHERIA%20SARAI.pdf,ST
348,"Stopppage of 11753/54 Rewa-NSCB Itwari Express at Lamta, 11755/56 Rewa-NSCB Itwari Express at Ghansore and 11201/02 Nagpur-Shahdol Express at Keolari",26.12.2023,CC-348-2023-STOP-LAMTA-GHANSORE-KEOLARI.pdf,ST
346,"Stopppage of 13403/04 Ranchi-Bhagalpur Vananchal Express at Dubrajpur, 11447 Jabalpur-Howrah Shaktipunj Express & 18619/20 Ranchi-Godda Express at Barakar",19.12.2023,CC-346-2023-STOP-DUBRAJPUR-BARAKAR.pdf,ST
345,"Stoppage of 12073/74 Howrah-Bhubaneswar Janshatabdi Express at Belda, 12875/76 Puri-Anand Vihar(T) Neelanchal Express at Jhargram, 18011 Howrah-Chakradharpur Express and 12827/28 Howrah-Purulia Express at Ondagram",19.12.2023,CC-345-2023-STOP-BELDA-JHARGRAM-ONDAGRAM%20(1).pdf,ST
344,Extension of 05686/85 Bir-Khandwa Passenger upto Sanwad,19.12.2023,CC-344-2023-EXT-BIR-KHANDWA%20UPTO%20SANAWAD.pdf,EX
343,"Stoppage of train services at Phagwara, Dasuya & Tanda Urmar",19.12.2023,CC%20343.pdf,ST
342,Stoppage of 11077/78 Pune-Jammu Tawi Express at Talbahat,19.12.2023,CC%20342.pdf,ST
341,13023/24 Howrah-Gaya Express & 13235/56 Sahibganj-Danapur Express at Mirzachowki,15.12.2023,CC%20341.pdf,13
340,Stoppage of 18621/22 Ranchi-Patna Patliputra Express at Mathurapur,15.12.2023,CC%20340.pdf,ST
339,Extension of 58504/03 Visakhapatnam-Rayagada Passenger upto Bhawanipatna,15.12.2023,CC%20339%20Extens%20upto%20BWIP.pdf,EX
338,Introduciton of 22415/16 Banaras-New Delhi Vande Bharat Express,15.12.2023,CC%20338-intro-Banaras%20Delhi.pdf,IN
337,Introduction of 05478/77 Mau-Dohrighat Special,15.12.2023,CC%20337-intro-Mau-Dohrighat.pdf,IN
336,Stoppage of 12251/52 Yesvantpur-Korba Wainganga Express at Wadsa,13.12.2023,CC%20336%20Stop%20at%20Wadsa.pdf,ST
335,Introduction of a newly weekly train between Kanniyakumari and Banaras,13.12.2023,CC%20No_%20335.pdf,IN
334,"Diversion of 19207/08 Porbandar-Veraval Express via Jetalsar to Rajkot, extension of 09568/65 Bhavnagar-Jetalsar Passenger upto Porbandar and extension of 09566/67 Bhavnagar-Jetalsar Passenger upto  Veraval.",13.12.2023,CC%20334%20Extens.pdf,DI
333,Stoppage of 12481/82 Delhi-Sri Ganganagar Express at Tohana,13.12.2023,CC%20333%20stop%20Tohana.pdf,ST
332,Change in Terminals of 17063/64 Manmad-Secunderabad Ajanta Express to Kacheguda with additional stoppage at Malkagiri and 17057/58 Mumbai CSMT-Secunderabad Devagiri Express to Lingampalli,12.12.2023,CC%20332%20Change%20%20in%20Terminal.pdf,CH
331,Introduction of Sealdah-Balurghat Express,08.12.2023,CC%20331%20Intro%20from%20Sealdah%20to%20Balurghat.pdf,IN
330,Stoppage of 04151/52 Kanpur Central-Lokmanya Tilak (T) Special at Sirathu and Bharwari,07.12.2023,CC%20330.pdf,ST
329,"Introduction of unreserved special train between Coimbatore and Pollachi, integration of 22667/68 Nagercoil-Coimbatore Express, 16615/16 Mannargudi-Coimbatore Express and 06419/20 Coimbatore-Pollachi Express, change in days of service of 22665/66 KSR Bengaluru-Coimbatore Uday Express and discontinuation of 03357/58 Barauni-Coimbatore TOD Special",05.12.2023,CC-329-2023-INTRO-COIMBATORE-POLLACHI.pdf,IN
328,Rerouting of 22605/06 Villupuram-Purulia Express and  22603/04 Villupuram-Kharagpur Express via Perambur alongwith augmentation and their extension upto Tirunelveli  ,05.12.2023,CC-328-2023-EXT-PRR-VILLUPURAM%20TO%20TEN%20ETC.pdf,RE
327,Extension of 03277/78 Danapur-Raghunathpur Passenger Special upto Buxar,05.12.2023,CC-327%20Extn%20Patna-Buxar.pdf,EX
326,Stoppage of 12323/24 Howrah-Barmer Express at Sasaram,06.12.2023,CC-326-2023-STOP-SASARAM-12323-24%20EXP.pdf,ST
325,Introduction of Tatanagar-Badampahar MEMU service,05.12.2023,CC-325-2023-INTRO-TATA-BADAMPAHAR.pdf,IN
324,Introduction of 03 pairs of MEMU service between Balasore and Gopinath Nilgiri,05.12.2023,CC-324-2023-INTRO-BALASORE-GOPINATHPUR%20NILGIRI.pdf,IN
322A,Introduction of a weekly  train service from Mau to Lokmanya Tilak Terminus,07.12.2023,CC-322A-2023-INTRO-MAU-LTT.pdf,IN
322,Introduction of train service between Mau and Mumbai (LTT),21.11.2023,CC-322%20Introduction%20of%20new%20train%20service%20between%20Mau%20and%20Mumbai.pdf,IN
321,Change in days of operation of 22447/48 New Delhi-Amb Andaura Vande Bharat Express and 22439/40 New Delhi-SVD Katra Vande Bharat Express,17.11.2023,CC-321-2023-CID-2%20PAIRS%20OF%20VB.pdf,CH
320,Extension of 11071/72 Lokmanya Tilak (T)-Banaras Express upto Ballia,17.11.2023,CC-320%20LTT%20to%20Balia.pdf,EX
319,Stoppage of 15073/74 Singrauli-Tanakpur Triveni Express at Obradam,17.11.2023,CC-319%20Obradam%20Stop.pdf,ST
318,Stoppage of 03631/32 Natesar-Fatuha Passenger Special at Aungaridham,17.11.2023,CC-318%20Anguridham.pdf,ST
317,Stoppage of 15231/32 Barauni-Gondia Express at Salekasa,17.11.2023,CC-317-2023-STOP-SALEKASA.pdf,ST
316,Stoppage of 12945/46 Veraval-Banaras Express at Tundla,17.11.2023,CC-316-2023-STOP-TUNDLA%20(1).pdf,ST
315,Stoppage of 11753/54 Itwari-Rewa Express  & 20813/14 Puri-Jodhppur Express at Kamptee,15.11.2023,CC-315.pdf,ST
314,"Stoppage of 14259/60 Gaya-Lucknow Ekatmata Express at Rafiganj, 13347/48 Barkakana-Patna Palamu Express at Jakhim and 13009/10 Howrah-Yog Nagari Rishikesh Doon Express at Phesar",15.11.2023,CC-314.pdf,ST
313,Stoppage of 14113/14 Subedarganj-Dehradun Express at Jhinjhak & 19615/16 Udaipur-Kamakhya Express at Kannauj,15.11.2023,CC-313.pdf,ST
312,Stoppage of 15073/74 Singrauli-Tanakpur Triveni Express at Mirchadhuri,15.11.2023,CC%20-312.pdf,ST
311,Stoppage of 12538 Prayagraj Rambagh-Muzaffarpur Express at Mehsi,15.11.2023,CC%20311%20STOP%20MEHSI.pdf,ST
310,Introduction of 75222/21 Vaishali-Sonpur DEMU service,14.11.2023,CC%20310%20SONPUR%20VAISHALI.pdf,IN
309,Stoppage of 15125/26 Patna-Manduadih Janshatabdi Express at Bihiya and stoppage of 03611/12 Patna Sasaram Passenger Special at Kasap,14.11.2023,CC%20309.pdf,ST
308B ,Extension of 20977/78 Ajmer-Delhi Cantt Vande Bharat Express to Chandigarh,30.11.2023,CC-308B-2023-EXT-AJMER-DEC%20VB%20TO%20CDG.pdf,EX
308A,"Extension of 20661/62 KSR Bengaluru-Dharwar Vande Bharat Express upto Belagavi, Extension of 22925/26 Ahmedabad-Jamnagar Vande Bharat Express upto Udhna and extension of 22549/50 Gorakhpur-Lucknow Vande Bharat Express upto Prayagraj",14.11.2023,CC%20308%20A.pdf,EX
306,Restoration of 08739/40 Bilaspur-Shahdol MEMU Passenger Special during festival period,10.11.2023,CC%20306.pdf,RE
305,Diversion of 08 pairs of train services via Achhnera Chord Line,14.11.2023,CC%20305.pdf,DI
304,"Stoppage of 14523/24 Barauni-Ambala Cantt. Express, 15232 Gondia-Barauni Express and 15049 Kolkata-Gorakhpur Express at Suraimanpur",10.11.2023,CC%20304.pdf,ST
303,Elimination of stoppage of 16855/56 Puducherry-Mangaluru Express (weekly) at Salem Town,10.11.2023,CC%20303.pdf,EL
302,12537 Muzaffarpur-Prayagraj Rambagh Express at Mehsi and 15705/06 Katihar-Delhi Humsafar Express at Chakia,06.11.2023,CC%20302.pdf,12
301,"Stoppage of 17001/02 Sainagar Shirdi-Secunderabad Express, 17205/06 Sainagar Shirdi-Kakinada Port Express and 17207/08 Sainagar Shirdi-Vijaywada Express at Kamalnagar",06.11.2023,CC%20301.pdf,ST
300,Introduction of 11011/12 Chhatrapati Shivaji Maharaj(T)-Dhule Express,03.11.2023,CC%20300.pdf,IN
299,"Stoppage of 04571 Bhiwani-Dhuri Special, 04572 Dhusi-Sirsa Special, 04744 Ludhiana-Churu Special, 04745 Churu-Ludhiana Special at Gajuwala",28.10.2023,CC299.pdf,ST
298,Stoppage of 12945/46 Veraval-Banaras Express at Bavla,06.11.2023,CC298.pdf,ST
297,Extension of 40 Port Line EMU services from Kharkopar to Uran,03.11.2023,CC297.pdf,EX
296,Stoppage of 18109/10 Tatanagar-Itwari Express and 18113/14 Tatangar-Bilaspur Express at Himgir,28.10.2023,CC%20296.pdf,ST
295,Extension of 05086/85 Lucknow-Mailani Special upto Shahgarh,26.10.2023,CC%20295.pdf,EX
294,Introduction of a new MEMU service between Raxaul and Mehsi,26.10.2023,CC%20294.pdf,IN
293,Stoppage of 13401/02 Bhagalpur-Danapur Express at Masudan,27.10.2023,CC%20293.pdf,ST
292,"Stoppage of train services at Ghunas, Hadiaya, Alal, Darzpur, Tandwal and Pirthala Lalauda",25.10.2023,CC%20292.pdf,ST
291,Stoppage of 12891/92 Bangriposi-Puri Express at Haldipada,25.10.2023,CC%20291.pdf,ST
290A,Modification in CC NO. 290,13.11.2023,CC%20290A.pdf,MO
290,Stoppage of 03629/30 Danapur-Tilaiya Passenger Special at Hardas Bigha and 03273/74 Jhajha-Patna MEMU at Teka Bigha,25.10.2023,CC%20290.pdf,ST
289,Stoppage of 11447/48 Jabalpur-Howrah Shaktipunj Express at Ramna,25.10.2023,CC%20289.pdf,ST
288,Stoppage of 13071/72 Howrah-Jamalpur Express and 13161/62 Kolkata-Balurghat Tebhaga Express at Murarai,20.10.2023,CC%20288.pdf,ST
287,Stoppage of 16381/82 Pune-Kanniyakumari Express at Razampeta,20.10.2023,CC%20287.pdf,ST
286,Stoppage of 13245/46 New Jalpaiguri-Rajendra Nagar (T) Capital Express and 13247/48 Kamakhya-Rajendra Nagar(T) Capital Expressat Aluabari Road,20.10.2023,CC%20286.pdf,ST
285,Stoppage of 20633/64 Kasargod-Thiruvananthpuram Vande Bharat Express at Chengannur,20.10.2023,CC-285%20STOP.pdf,ST
284,Stoppage of 18447/48 Bhubaneswar-Jagdalpur Express at Ganjam,20.10.2023,CC%20284.pdf,ST
283,Stoppage of 04159/60 Kanpur-Etawah MEMU at Patra Halt,19.10.2023,CC%20283.pdf,ST
282,"Introduction of Shalimar-Badampahar Express, Badampahar-Rourkela Express, Rourkela-Tatanagar MEMU  & Tatanagar-Badampahar MEMU service",17.10.2023,CC%20282.pdf,IN
281,Stoppage of 16256 KSR Bengaluru-Kanniyakumari Express at Dhanuvachapuram,16.10.2023,CC%20281.pdf,ST
280,Additional stoppage of 06027/28 Tambaram-Villupuram MEMU Special at Paranur and certain other stations,16.10.2023,CC%20280.pdf,AD
279,"Stoppage of train service at Jandhera Halt, Usmanpur Dehat Halt, Jandhera Halt & Khandrawali",16.10.2023,CC%20279.pdf,ST
278,Shifting of Maintenance Depot of 12915/16 Ahmedabad-Delhi Sabarmati Express from Ahmedabad to Sabarmati,16.10.2023,CC%20278.pdf,SH
277,Introduction of 16577/78 Bidar-Yesvantpur Express,16.10.2023,CC-277.pdf,IN
276,Introduction of 19203/04 Bandra(T)-Veraval Express,16.10.2023,CC-276-2023%20INTRO%20VRL-BDTS.pdf,IN
275,Stoppage of 22737/38 Secunderabad-Hisar Express at Dharangaon and 19003/04 Bandra(T)-Bhusaval Kahndesh Express at Vapi,16.10.2023,CC%20275%20stoppage%20at%20dharangaon%20and%20vapi.pdf,ST
274,Stoppage of 17649/50 Hyderabad-Aurangabad Express at Pangaon,16.10.2023,CC%20274%20stoppage%20at%20Pangaon.pdf,ST
273,Stoppage of 12893/12894 Bhubaneswar-Balangir Express at Bamur,16.10.2023,CC%20273.pdf,ST
272,Diversion of 11026/25 Pune-Bhusaval Express via Daund Chord Line/Ahmedabad/Manmad and extension upto Amravati and Increase in frequency of 12119/20 Amravati-Nagpur Express from 6 days to dailly,20.10.2023,CC%20272.pdf,DI
271,"Stoppage of 16333/34 Veraval-Thiruvanathpuram Express, 16335/36 Gandhidham-Nagercoil Express & 19259/60 Kochuveli-Bahvanagar Express at Mangaon",16.10.2023,CC%20271.pdf,ST
270,Stoppage of 14115/16 Dr. Ambedkar Nagar-Prayagraj Express & 12535/36 Lucknow-Raipur Garib Rath Express at Atarra,09.10.2023,CC-270%20STOP.pdf,ST
269,Stoppage of 20173/74 Rani Kamlapati-Jabalpur Vande Bharat Express upto Rewa.,08.10.2023,CC-269%20EXTN%20OF%2020173%2074%20VB%20UPTO%20REWA.pdf,ST
268,Extension of 20911/12 Indore-Bhopal Vande Bharat Express upto Nagpur,08.10.2023,CC-268%20INDB%20NGP.pdf,EX
267,"Stoppage of train services at Dornakal, Khammam, Itikyala, Nalgonda, Cityala and Shankarpalli",08.10.2023,CC%20267.pdf,ST
266,Stoppage of 12187/88 Jabalpur-CSMT Garib Rath Express at Shridham,07.10.2023,CC-266-2023-STOP-SRIDHAM.pdf,ST
265,Regularisation of 04044/43 Nizamuddin-Ambikapur Express TOD Special,06.10.2023,CC-265%20AMBIKAPUR-NZM%20REGULARISATION.pdf,RE
264,Stoppage of 17307/17308 Mysuru-Bagalkot Basava Express at Nimbal,06.10.2023,CC-264%20NIMBAL%20STOP.pdf,ST
263,Stoppage of 19483/84 Ahmbedabad-Barauni Express & 22967/68 Ahmedabad-Prayagraj Express at Burhanpur,06.10.2023,CC-263-STOP%20BURHANPUR.pdf,ST
262,Change in timings of 10107/08 Madgaon-Magalore Central Express,06.10.2023,CC-262.pdf,CH
261,"Stoppage of train services at Mohana, Shadhoragaon, Pipraigaon, Badarwas, Maban and Ashok Nagar",06.10.2023,CC-261-2023-STOP-MOHANA-CC-261-SHADHORAGAON-PIPARGAON-BADARWAS-MABAN-ASHOK%20NAGAR%2006-Oct-2023%2010-30-55.pdf,ST
260,Stoppage of 18241/18242 Durg-Ambikapur & 18755/18756 Express at Udalkachhar & Nagpur Road,06.10.2023,CC-260-2023-STOP-UDALKACHHAR-NAGPUR%20ROAD%2006-Oct-2023%2010-19-47%20(1).pdf,ST
259,Stoppage of 11463/11464 Veraval-Jabalpur Express at Salichauka Road,06.10.2023,CC-259-2023-STOP-SALICHAUKA%20ROAD%2006-Oct-2023%2010-22-47.pdf,ST
258,Stoppage of 12751/52 Hazur Sahib Nanded Jammu Tawi Humsafar Express at Khandwa,05.10.2023,CC-258%20HALT%20AT%20KNW.pdf,ST
257,"Stoppage of train services at Jaora, Dhodhar, Dalauda, Bisalwas Kalan",05.10.2023,CC-257%202023%20Stoppages%20JAO%2C%20DOD%2C%20DLD%20and%20BIWK.pdf,ST
256,Stoppage of 18573/74 Visakhapatnam-Bhagat Ki Kothi Express & 22847/22848 Visakhapatnam-Lokmanya Tilak (T) Express at Bagbahara,05.10.2023,CC-256-2023-STOP-BAGBAHRA.pdf,ST
255,"Stoppage of train services at Semari, Dhanakya, Dhindha Getor Jagatpura",05.10.2023,CC-255-2023-STOP-SEMARI-DHANKAYA-DHINDHA-GETOR%20JAGATPURA.pdf,ST
254,Introduction of MEMU service on Gwalior-Sumaoli section.,30.09.2023,CC-254-2023-INT-GWL-SUMAOLI.pdf,IN
253,"Stoppage of train services at Chaumahla, Jhalawar City, Antah and Salpura",30.09.2023,CC-253-2023-STOP-CHAUMAHLA-JHALAWAR-ANTAH.pdf,ST
252,Change in terminal of 14511/12 Prayagraj Sangam-Saharanpur Nauchandi Express from Merrut City/Saharanpur to Prayagraj Sangam,29.09.2023,CC-252-2023-CITERM-14511-12%20NAUCHANDI%20TO%20PRAYAGRAJ.pdf,CH
251,Extension of 08833/34 (78833/34)Raipur-Antagarh DEMU upto Taroki,30.09.2023,CC-251-2023-EXT-R-ANTAGARH%20TO%20TAROKI.pdf,EX
250,Introduction of train service between Siddipet and Secunderabad and Kacheguda and Raichur,30.09.2023,CC-250-2023-INTRO-SC-SIDDIPET%20AND%20KCG-RAICHUR.pdf,IN
249,"Stoppage of train services at New Mainaguri, New Mal, Hamiltonganj and Kamakhyaguri",29.09.2023,CC-249-2023-STOP-NEW%20MAINAGURI-NEW%20MAL-HAMILTONGANJ-KAMAKHYAGURI.pdf,ST
248A,Stoppage of Delhi-Jaisalmer Runicha Express at Nawa City,05.10.2023,CC-248A-2023-STOP-NAWA%20CITY.pdf,ST
248,"Introduction of new train between Delhi and Jaisalmer viz. Delhi-Jaisalmer Runicha Express, Increase in frequency of 14661/62 Barmer-Jammu Tawi Express and discontinuation of the services of 14645/66 Jaisalmer-Jammu Tawi Express",29.09.2023,CC-248-2023-INT-DELHI-JAISALMER.pdf,IN
247,"Stoppage of 18235/36 Bhopal-Bilaspur Express, 18247/48 Bilaspur-Rewa Express, 11751/52 Rewar-Chirmiri Exprress at Chandia Road and 18241/42 Durg-Ambikapur Express, 18247/48 Bilaspur-Rewa Express and 58219/20 (18257/58) Bilaspur-Chirmiri Express at Jaithari",29.09.2023,CC-247-2023-STOP-CHANDIA%20ROAD-JAITHARI.pdf,ST
246,Stoppage of 14724 Bhiwani-Prayagraj Express at Kalyanpur and 15009/10 Gorakhpur-Mailani Express at Mohibullapur,20.10.2023,CC%20246.pdf,ST
245,"Stoppage of 15069/70 Gorakhpur-Aishbag Express at Campierganj, Peppeganj, Sahjanwa and Pipraich",29.09.2023,CC-245-STOP%20COMPIERGANJ%20PIPRAICH%20SAHJANWA%20PEPPEGANJ.pdf,ST
244,"Stoppage of train services at Bhattu, Bawani Khera, Kosli, Jatusana, Charkhi Dadri and Ateli",29.09.2023,CC%20244%20BHATTU%2C%20BHAWANI%20KHERA%2C%20KOSLI%2C%20JATUSANA%2C%20CHARKHI%20DADRI%2C%20ATELI.pdf,ST
243,Extension of 12513/14 Secunderabad-Guwahati Express (weekly) upto Silchar and 12519/20 Lokmanya Tilak (T)-Kamakhya Express (weekly) upto Agartala,27.09.2023,CC-243-SC-SLCHR.pdf,EX
242,Introduction of new train service between Anand Vihar (T) and  Kotdwar,27.09.2023,CC%20242-INTRO-%20ANVT%20KOTDWAR.pdf,IN
241,Extension of 18311/12 Sambalpur-Banaras Express upto Visakhapatnam,25.09.2023,CC-241-2023%20Extn%20to%20VSKP.pdf,EX
240,Stoppage of 22165/66 Singrauli-Bhopal Express and 22167/68 Singrauli-Nizamuddin Express as Urjadhani Express,22.09.2023,CC%20240.pdf,ST
239,"Introduction of 20665/66 Chennai Egmore-Tirunelveli Vande Bharat Express, 20677/78 MGR Chennai-Vijayawada Vande Bharat Express, 22348/47 Patna-Howrah Vande Bharat Express, 20703/04 Secunderabad (Kacheguda)-Bengaluru (Yesvantpur) Vande Bharat Express, 20835/36 Roukela-Puri Vande Bharat Express, 20631/32 Kasargod-Thiruvanathapuram Vande Bharat Express, 20979/80 Udaipur-Jaipur Vande Bharat Express, 22695/26 Jamnagar-Ahmedabad (Sabarmati) Vande Bharat Express, 20898/97 Ranchi-Howrah Vande Bharat Express.",22.09.2023,CC-239-2023-INTRO-9%20PAIRS%20OF%20VB%20SERVICES.pdf,IN
238,Provision of additional stoppages of 15515/16 Danapur-Sagauli Express at Dharminiya and Masnadih,22.09.2023,CC-238-2023-STOP-DHARMINIYA%20%26%20MASNADIH.pdf,PR
237,Stoppage of 15125/26 Banaras-Patna Express at Karahia Halt.,21.09.2023,CC%20No_237%202023.pdf,ST
236,Introduction of Dahod-Vadodara MEMU (Daily) Service,19.09.2023,CC-236.pdf,IN
235,Stoppage of 13249/50 Patna-Bhabhua Road Express at Sadisopur,19.09.2023,CC-235.pdf,ST
234,Extension of 19105/06 Udhna-Paldhi MEMU upto Bhusaval and Change in timings of 09377/78 Udhna-Nandurbar MEMU.,15.09.2023,CC-234.pdf,EX
233,"Stoppage of train services at Babina, Chirgaon and Barwa Sagar",13.09.2023,CC-233.pdf,ST
232,"Extension of 19421/22 Patna-Ahmedabad Express, 22967/68 Prayagraj-Ahmedabad Express, 19413/14 Kolkata-Ahmedabad Express, 11049/50 Kolhapur-Ahmedabad Express, 22137/38 Nagpur-Ahmedabad Express and 12917/18 H. Nizamuddin-Ahmedabad Express upto Rajkot",13.09.2023,CC%20232.pdf,EX
231,Extension of 18240 Itwari-Bilaspur Express upto Gevra Road with merger with 08212(58212)Bilaspur-Gevra Road Passenger and change in timings of 12855/56 Itwari-Bilaspure Express,12.09.2023,CC-231%202023.pdf,EX
230,Stoppage of 22609/10 Mangaluru Central-Coimbatore Express at Nileshwar,12.09.2023,CC-230-2023-STOP-NILESHWAR.pdf,ST
229,Introduction of train service between Ujjain and Chittaurgarh via Fatehabad-Chandrawatiganj,13.09.2023,CC%20229%20INTRO%2069231.pdf,IN
228,Speeding up of 19567/68 Turitcorin-Okha Vivek Express and operation via Madurai-Tirumangalam-Virudunagar,05.09.2023,CC%20228.pdf,SP
227,Increase in frequency of 16585/86 SMVT Bengaluru-Mangaluru Express from 6 days a week to daily,05.09.2023,CC%20227.pdf,IN
226,Extension of 19791/14825 Jaipur-Hisar Express upto Bathinda,04.09.2023,CC%20226.pdf,EX
225,Extension of 18183/18184 Tatanagar-Danapur Express upto Ara,04.09.2023,CC%20225.pdf,EX
224,Extension of 13305/06 Dhanbad-Dehri On Sone Express upto Sasaram,04.09.2023,CC%20224.pdf,EX
222,Extension of 13173/74 Sealdah-Agartala Kanchenjungha Express upto Sabroom,05.09.2023,CC%20222.pdf,EX
221,Extension of 04119/04120 Khajuraho-Tikamgarh Special upto Virangana Laxmibai Jhansi & its operation with MEMU rake,04.09.2023,CC%20221.pdf,EX
220,Stoppage of 12535/36 Lucknow Jn-Raipur Garib Rath Express at Ragaul station.,30.08.2023,CC%20220.pdf,ST
219,Change in timings of 14309 Laxmibai Nagar-Dehradun Express and 14317 Indore-Dehradun Express.,30.08.2023,CC%20219(1).pdf,CH
218,Introduction of new train service between Veraval and Banaras,29.08.2023,CC%20218.pdf,IN
217,Introduction of new train between Bhavnagar and Haridwar,28.08.2023,CC%20217.pdf,IN
216,Introduction of Bikaner-Amritsar Express service ,28.08.2023,CC-216.pdf,IN
215,"Stoppage of 12471/72 Bandra (T)-Shri Mata Vaishno Devi Katra Swaraj Express, 12473/74 Gandhidham-Shri Mata Vaishno Devi Katra Sarvodaya Express, 12475/76 Hapa-Shri Mata Vaishno Devi Katra Express and 12477/78 Jamnagar-Shri Mata Vaishno Devi Katra Express",28.08.2023,CC%20215.pdf,ST
214,Introduction of 17665/66 H.S.Nanded-Lokmanya Tilak (T) and 17667/68 H. S.Nanded-Lokmnaya Tilak(T) Express,29.08.2023,CC-214%20INTRO.pdf,IN
213,Introduction of 12997/98 Bandra(T)-Barmer Express and 19009/10 Bandra(T)-Barmer Express,29.08.2023,CC-213%20INTRO%20.pdf,IN
212,"Operation of 12577/78 Darbhanga-Mysuru Express, 12551/52 SMVT Bengaluru-Kamakhya Express and 22531/52 SMVT Bengaluru-Patliputra Express via Perambur with stoppage at Perambur and several other matters. ",28.08.2023,CC%20212.pdf,OP
211A,Modification in CC No. 211 regarding extension of 20974/73 Rameshwar-Ajmer Humsafar Express upto Firozpur cantt.,29.09.2023,CC%20211A.pdf,MO
211,Extension of 20973/20974 Ajmer-Rameswaram Humsafar Express (weekly service) upto Firozpur Cantt.,25.08.2023,CC%20211.pdf,EX
210,Extension of 17020/17019 Hyderabad-Jaipur Express (weekly ) upto Hisar,25.08.2023,CC%20210.pdf,EX
209,Introduction of Budgam-Banihal DEMU service,23.08.2023,CC-209.pdf,IN
208,Extension of 15611/12 Silchar-Guwahati Express upto Rangiya ,23.08.2023,CC-208.pdf,EX
207,Introduction of 15617/18 Dullabcherra-Guwahati Express ,23.08.2023,CC-207.pdf,IN
206,Stoppage of 12003/04 Lucknow-New Delhi Shatabdi Express at Phahund,23.08.2023,CC-206.pdf,ST
205,Stoppage of 12191/92 H. Nizamuddin-Jabalpur Express at Dabra and 11057/58 CSMT-Amritsar Express at Basai,19.08.2023,CC-205-2023-STOP-DABRA-BASAI%2019-Aug-2023%2014-11-55.pdf,ST
204,Change in days  of operation of 12007/08 MGR Chennai-Mysuru Shatabdi Express ,21.08.2023,CC-204-2023-CIDOP-12007-08-SHATABDI%20EXPRESS.pdf,CH
203,Introduction of Jhajha-Jasidih MEMU special upto Jasidih & extension of 03273/74 Patna-Jhajha MEMU Special upto Jasidih,18.08.2023,CC%20203.pdf,IN
202,Stoppage of 03219/20 Patliputra-Gomtinagar TOD special at Bagaha in lieu of Valmikinagar Road ,18.08.2023,CC%20202.pdf,ST
201,"Linking of 13331/32 Dhanbad-Patna Express with 13349/50 Singrauli-Patna Express,  delinking of 13347/48 Barkakana-Patna Palamau Express with 13349/50 Singrauli-Patna Express,  increase in frequency of 13331/32 Dhanbad-Patna Express from 06 days to daily and introduction of special service between Patna and Rajgir",18.08.2023,CC%20201.pdf,LI
200,Stoppage of 16205/06 Talaguppa-Mysuru Express at Arasalu & Kumsi and 16227/28 Musuru-Talaguppa at Arasalu,21.08.2023,CC-200.pdf,ST
199,Operation of 14203/04 Varanasi-Lucknow Express and 14213/14 Varanasi-Bahraich Express  and extension upto Varanasi City on temporary basis,18.08.2023,CC-199-2023-EXT-14203-04%20AND%2014213-14%20TO%20VARANASI%20CITY.pdf,OP
197,Extension of 14012/11 Hoshiyarpur-Delhi Express upto Agra Cantt. and 12319/20 Kolkata-Agra Cantt. upto Gwalior,18.08.2023,CC-197-2023-EXT-%20DLI-HOSIYAPUR%20UPTO%20AGRA%20ETC.pdf,EX
196,Speeding up of 16823/24 Chennai Egmore-Kollam Express,18.08.2023,Cc196%20(1).pdf,SP
195,"Stoppage of train service at Chaube, Gujhandi, Hazaribagh Road and Koderma",17.08.2023,CC%20195.pdf,ST
194,Introduction of 11405/06 Pune-Amravati Express via Latur Road,17.08.2023,CC%20194.pdf,IN
193,Extension of 12057/58 New Delhi-Una Himachal Jan Shatabdi Express upto Daulatpur Chowk ,17.08.2023,CC%20193.pdf,EX
192,Extension of 12549/50 Durg-Jammu Tawi Express  upto Udhampur,16.08.2023,CC%20192.pdf,EX
191,Stoppage of 12439/40 H.S.Nanded-Shriganganagar Express at Sadul Shahar,16.08.2023,CC%20191.pdf,ST
190,Change in composition and Augmentation of 12775/76 Kakinada Town-Lingampalli Cocanada Express,16.08.2023,CC-190-2023.pdf,CH
189,Operation of 09363/64 (69217/18) Anand-Khambat MEMU Special from 6 days to a daily MEMU service,16.08.2023,CC%20189.pdf,OP
188,Stoppage of 11045/46 Kolhapur-Dhanbad Express & other trains at Narkher,16.08.2023,CC-188-2023.pdf,ST
187,Stoppage of 12649/50 Yesvantpur-H. Nizamuddin Karnataka Sampark Kranti Express at Mahbubnagar and 17651/52 Chengalpattu-Kacheguda Express at Shadnagar,16.08.2023,CC-187-2023.pdf,ST
186,"Stoppage of 03111/12 Sealdah-Godda MEMU Special at Shikaripara, 12333/34 Howrah-Prayagraj Rambag Vibhuti Express & 22643/44 Ernakulam-Patna Express at Jamtara and 13429/30 Malda Town-Anand Vihar Express at Pirpainti",14.08.2023,CC-186%20Stop%20at%20Shikaripara%2C%20Pirpainti%20%26%20Jamtara.pdf,ST
185,Operation of 12119/20 Ajni-Amravati Express as a daily MEMU service,14.08.2023,CC-185-INF%20OF%2012119-20%20AJNI%20AMRAVATI%20EXP%20AS%20DAILY%20SERVICE.pdf,OP
183,Increase in frequency of 22929/30 Bandra(T)-Mahuva Express from weekly to bi-weekly,14.08.2023,CC%20183.pdf,IN
182,Stoppage of 11119/20 Igatpuri-Bhusaval MEMU at Lahavit,14.08.2023,CC-182-LAHAVIT.pdf,ST
181,Introduction of 22109/10 Lokmanya Tilak (T)-Balharashah Express ,14.08.2023,CC-181%20INTRO%20LTT-BALAHARSHAH.pdf,IN
180,Stoppage of 18113/14 Tatanagar-Bilaspur Express at Akaltara,11.08.2023,CC-180-2023-STOP-AKALTARA.pdf,ST
179,Stoppage of 12745/46 Secunderabad-Manuguru Express at Garla,14.08.2023,CC-179%20STOP%20AT%20GARLA.pdf,ST
178,Introduction of 11201/02 Nagpur-Shahdol Express ,11.08.2023,CC-178%20NAGPUR%20SHAHDOL.pdf,IN
177,Naming of 14205/06 Ayodhya Cantt-Delhi Express  as Ayodhya Express,11.08.2023,CC-177%20AYODHYA%20EXPRESS.pdf,NA
176,Stoppage of 18463/64 Bhubaneswar-KSR Bengaluru Prashanti Express at Kaluparaghat,11.08.2023,CC-176-2023-STOP-KALUPARAGHAT.pdf,ST
175,Stoppage of 19807/08 Kota-Hisar Express at Kapren and introduction of Kota-Sawai Madhopur MEMU service,11.08.2023,CC-175%20KAPREN%20%26%20SAWAI%20MADHOPUR-KOTA.pdf,ST
174,Change in timing of 11651/52 Jabalpur-Singrauli Express,11.08.2023,CC-174-2023-CIT-JABALPUR-SINGRAULI.pdf,CH
173,Extension of 07468/69 Visakhapatnam-Vizianagaram MEMU upto Salur,11.08.2023,CC-173%20VSKP-VZNM%20UPTO%20SALUR.pdf,EX
172,Revision of timings of 13142 New Alipurduar-Sealdah Teesta-Torsa Express,14.08.2023,CC-172-13142%20TEESTA%20TORSA%20EXPRESS.pdf,RE
171,Extension of 22129/30 Lokmanaya Tilak (T)-Prayagraj Express upto Ayodhya Cantt. ,09.08.2023,CC-171%20EXTN%20OF%2022129%2030%20LTT-PRYG%20UPTO%20AYODHAYA%20CANTT.pdf,EX
170,Extension of 09119/20 Pratapnagar-Alirajpur Passenger service upto Jobat,09.08.2023,CC-170-2023-EXT-%2009129-20%20TO%20JOBAT.pdf,EX
167,Extension of 15515/16  Raxaul-Danapur Express upto Sugauli ,08.08.2023,CC-167%20EXTN%20OF%2015515-16%20RAXAUL-%20DANAPUR%20EXPRESS%20UPTO%20SUGAULI.pdf,EX
166,Change in terminal of 19701/02 Jaipur-Delhi Sainik Express and 20409/10 Delhi-Bathinda Express from Delhi to Delhi Cantt. along with its augmentation and linking with 20409/10 Delhi-Bhatinda Express,07.08.2023,CC-166-2023-AUG%20OF%20SAINIK%20EXPRESS%20(1).pdf,CH
165,Stoppage of 12807/08 Visakhapatnam-H.Nizamuddin Samta Express at Ambodala & 18005/06 Howrah-Jagdalpur Express at Therubali,03.08.2023,CC-165%20STOP%20AT%20AMBODALA%20%26%20THERUBALI(1).pdf,ST
164,Stoppage of 20977/78 Ajmer-Delhi Cantt. Vande Bharat Express at Rewari,03.08.2023,CC-164-2023-STOP-REWARI.pdf,ST
163,Speeding up of 16105/06 Chennai Egmore-Tiruchendur Express ,07.08.2023,CC-163-2023-SPEEDING%20UP%20OF%2016105-06%20MS-TCN.pdf,SP
162,Stoppage of 16604 Thiruvanthapuram –Mangaluru Express at Tirur,09.08.2023,CC-162-2023-STOP-TIRUR.pdf,ST
161,"Merger of 56113/14 Mayiladuthurai-Tiruchchirappalli-Karur Passenger, 76833/34 Tiruchchirappalli-Karur Passenger and 76801/02 Salem-Karur Passenger",17.08.2023,CC-161-2023-MERGER-INTRO-MAYILADUTHURAI%20AND%20SALEM.pdf,ME
160A,Additional stoppages of Ernakulam-Velankanni Express ,28.08.2023,CC%20160A.pdf,AD
160,"Introduction of Ernakulam-Velankanni Express, Tirupati-Kollam Express and extension of 16791/92 Palakkad-Tirunelveli Palaruvi Express upto Tuticorin",17.08.2023,CC-160-2023-INTRO-ERS-VELANKANNI-%20TPTY-KOLLAM-%20EXT-TN.pdf,IN
157,Extension of 11305/06 Solapur-Gadag Express and 11139/40 CSMT-Gadag Express upto Hosapete,01.08.2023,CC-157-2023-EXT-HOSPAPETE.pdf,EX
156,Stoppage of 07381/82 Hubballi-Karatagi Special Express at Halligudi Halt,01.08.2023,CC-156-2023-STOP-HALLIGUDI.pdf,ST
155,Stoppage of 16305/06 Ernakulam-Kannur Express at Pattambi,01.08.2023,CC-155-2023-STOP-PATTAMBI.pdf,ST
154,Introduction of 07687/88 Agartala-Sabroom DEMU Special Daily service,01.08.2023,CC-154-2023-INTRO-AGARTALA-SABROOM.pdf,IN
153,Stoppage of 22223/22224 CSMT-Sainagar Shirdi Vande Bharat Express at Kalyan and 22225/26 CSMT-SolapurVande Bharat Express at Thane,31.07.2023,CC-153-2023-STOP-KALYAN%20AND%20THANE.pdf,ST
152,Stoppage of 20409 /10 Delhi-Bathinda Express at Mansa,31.07.2023,CC-152-2023-STOP-MANSA.pdf,ST
151,Stoppage of 22921/22 Gorakhpur-Bandra (T) Express at Tulsipur,31.07.2023,CC-151-2023-STOP-TULSIPUR.pdf,ST
150,Stoppage of 19415/16 Ahmedabad-Shri Mata Vaishno Devi Katra Express at Charkhi Dadri,31.07.2023,CC-150-2023-STOP-CHARKHI%20DADRI.pdf,ST
149,Stoppage of 15073/74 Singrauli- Tanakpur Tribeni Express at Bilpur and 13345/46 Varanasi-Singrauli Express at  Narayanpur Bazar,31.07.2023,CC-149-2023-STOP-BILPUR-AHRAURA.pdf,ST
148,Stoppage of 13413/14 & 13483/84 Malda Town-Delhi Farakka Express and 12419/20 New Delhi-Lucknow Express at Bharthana ,28.07.2023,CC-148-2023-STOP-BHARTHANA.pdf,ST
147,Extension of 01793/94 (66547/48) Marikuppam-Bangarapet MEMU upto Krishnarajapuram and revision of its timings,14.08.2023,CC-147%20MARIKUPPAM.pdf,EX
146,Extension of 16343/44Thiruvananthapuram-Madurai Amritha Express upto Rameswaram,14.08.2023,CC-146%20%20TVC-MDU%20EXPRESS.pdf,EX
145,Extension of 16535/36 Mysuru- Solapur Gol Gumbaz Express upto Pandharpur,14.08.2023,CC-145%20GOLGUMBAJ%20EXTN.pdf,EX
144,Stoppage of 12781/82 Mysuru-H.Nizamuddin Swarna Jayanti Express at Hole Narsapur ,01.08.2023,CC-144-2023-STOP-HOLE%20NARASIPUR.pdf,ST
143,Stoppage of 19015/16 Dadar-Porbandar Saurashtra Express & 12905/06 Porbandar-Shalimar Express at Lalpur Jam,28.07.2023,CC-143.pdf,ST
142A,Stoppage of 12493/94 Miraj-H. Nizamuddin Darshan Express at Pune & Miraj,14.08.2023,CC-142A-2023-EXT%20OF%20DARSHAN%20EXP%20TO%20MIRAJ-STOPPAGES%20ENRROUTE.pdf,ST
142,Extension of 12494/93 H. Nizamuddin-Pune Darshan Express upto Miraj,28.07.2023,CC-142.pdf,EX
141,Stoppage of 22945/46 Mumbai-Okha Express at Aliyavada and 22959/60 Vadodara-Jamnagar Express at Jamwanthali,28.07.2023,CC-141.pdf,ST
140,Extension of 14723/24 Bhiwani-Kanpur Kalindi Express upto Prayagraj,25.07.2023,CC-140-2023-EXT-KALINDI%20EXPRESS.pdf,EX
139,Stoppage of 12453/54 & 20407/08 Ranchi-New Delhi Rajdhani Express at Lohardaga,24.07.2023,CC-139%20STOP%20LOHARDAGA.pdf,ST
138,Stoppage of 12995/96 Ajmer-Bandra Express at Dahod,21.07.2023,CC-138-2023-STOP-DAHOD.pdf,ST
137,Introduction of MEMU service between Bina and Guna,21.07.2023,CC-137-2023-INTRO-BINA-GUNA.pdf,IN
136,Increase in frequency of 19307/08 Indore-Chandigarh Express from weekly to bi-weekly,20.07.2023,CC-136-INF-19307-08%20INDB-CDG%20EXPRESS.pdf,IN
135A,"Conversion of operational stoppage into commercial stoppage at Jakhapura, Meramandali & Damanjodi",11.08.2023,CC-135%20MERAMANDALI%2C%20JAKHAPUR%20DAMANJODI.pdf,CO
135,Stoppage of 18517/18 Korba-Visakhapatnam Express and 18189/90 Tatanagar-Ernakulam Express at Ambodala ,17.07.2023,CC-135-2023-STOP-AMBODALA.pdf,ST
134,Stoppage of 14115/16 Dr. Ambedkar Nagar-Prayagraj Express and 22163/64 Bhopal-Khajuraho Mahamana Express at Duriyaganj,11.07.2023,CC-134-2023-STOP-DURIYAGANJ%20(1).pdf,ST
133A,Modification in CC No. 133,06.07.2023,CC-133A-INTRO-RAIPUR-ANTAGARH%2006-Jul-2023%2015-12-05.pdf,MO
133,Introduction of MEMU/DEMU train service between Raipur and Antagarh,05.07.2023,133.pdf,IN
132,Introduction of 22549/50 Gorakhpur-Lucknow Vande Bharat Express and 12461/62 Jodhpur- Ahmedabad (Sabarmati) Vande Bharat Express ,04.07.2023,CC-132-2023-INTRO-GKP-LKO%20AND%20JU-SBIB%20VANDE%20BHARAT.pdf,IN
131,Extension of 79403/79404 (09543/09544) Asarva-Dungarpur-Udaipur DEMU upto Chhittaurgarh,30.06.2023,CC-131-2023-EXT%20OF%2009543-44%20ASARVA-DUNGARPUR%20T0%20CHITTAURGARH%20(2).pdf,EX
130,Extension of 08269/70 Chirmiri-Anuppur Passenger Special upto Chandia Road ,26.06.2023,CC-130-2023%20Chirmiri-%20Chandia%20Road%2026-Jun-2023%2019-20-50.pdf,EX
129,Stoppage of 18247/48 Rewa-Bilaspur Express at Chandia Road,27.06.2023,CC-129-2023-STOP-CHANDIA%20ROAD.pdf,ST
128,Stoppage of 22457/58 Anand Vihar(T)-Dehradun Vande Bharat Express at Deoband,26.06.2023,CC-128-2023-STOP-DEOBAND.pdf,ST
127A,"Introduction of 20911/12 Indore-Bhopal Vande Bharat Express, 20174/73 Jabalpur-Rani Kamlapati Vande Bharat Express,  20661/62 KSR Bengaluru City-Dharward Vande Bharat Express, 22349/50 Patna-Ranchi Vande Bharat Express and 22229/30 CSMT-Madgaon Vande Bharat Express ",23.06.2023,CC-127A-2023-INTRO-5%20PAIRS%20OF%20VANDE%20BHARAT%20TRAINS.pdf,IN
127,"Introduction of 20911/12 Indore-Bhopal Vande Bharat Express, 20174/73 Jabalpur-Ranii Kamlapati Vande Bharat Express,20661/62 KSR-Bengaluru-Dharwad Vande Bharat Express,  22349/50 Patna-Ranchi Vande Bharat Express and 22229/30 CSMT-Madgaon Vande Bharat Express",23.06.2023,CC-127-2023-INTRO-5-VANDE%20BHARAT%20(1).pdf,IN
126L,Stoppage of 14863/64 Varanasi-Jodhpur Marudhar Express at Musafirkhana,19.12.2023,CC-126L-2023-STOP-MUSAFIRKHANA.pdf,ST
126K,"Stoppage of train services at Bhatpar Rani, Salempur, & Reoti",19.12.2023,CC%20126k.pdf,ST
126J,Stoppage of 14151/52 Kanpur-Anand Vihar(T) Express & 19409/10 Ahmedabad-Gorakhapur Express at Bilhaur,13.12.2023,CC-126J-2023-STOP-BILHAUR.pdf,ST
126I,Stoppage of 15113 Gomti Nagar-Chhapra Kaheri Express at Ramkola,27.09.2023,CC%20126%20I-STOP-RAMKOLA.pdf,ST
126H,"Stoppage of train services at Gursahaiganj, Jasoda, Kiraoli, Bah, Achhnera",26.09.2023,CC-126H-Stop-Gursahaiganj.pdf,ST
126G,Stoppage of 18101/02 Tatanagar-Jammut Tawi Express & 18309/10 Sambalpur-Jammu Tawi Express at Khaga,22.09.2023,CC-126G-2023-STOP-KHAGA.pdf,ST
126F,"Stoppage of train services at Dhobi, Kerakat and Pindra Road",21.09.2023,cc%20126%20F.pdf,ST
126D,"Stoppage of train services at Bhatpar Rani, Salempur, Belthara, Reoti and Bhatni",18.09.2023,CC%20126D%20stoppahe%20at%20bhatpar%20rani.pdf,ST
126C,Stoppage of 128581/82 Banaras-New Delhi Express & 12875/76 Puri-Anand Vihar(T) Express at Tundla and 14217/18 Prayagraj Sangam-Chandigarh Express at Kanchausi,06.09.2023,CC%20126C.pdf,ST
126B,Stoppage of train services at Kadipur & Lohta,25.08.2023,CC%20126B.pdf,ST
126A,Stoppage of 15231/32 Barauni-Gondia Express and 20941/42 Bandra(T)-Gazipur City Express at Kirakat and 22433/34 Ghazipur-Anand Vihar(T) Express at Mariahu,09.08.2023,CC-126%20A.pdf,ST
126,"Stoppage of 12311/12 Howrah-Kalka Netaji Express, 15483/84 Alipurduar-Delhi Sikkim Mahananda Express & 18309/10 Sambalpur-Jammu Tawi Express at Hathras",22.06.2023,CC-126-2023-STOP-HATHRAS%20JN.pdf,ST
125H,"Stoppage of train services at Uppalpur, Pasivedala and Adoni",07.07.2023,CC-125H-2023-STOP-UPPALUR-PADIVEDALA-ADONI.pdf,ST
125G,Stoppage of 16339/40 Chhatrapati Shivaji Maharaj (T)-Nagarcoil Express and 17615/15 Kacheguda-Madurai Express at Piler,30.06.2023,CC-125G-2023-STOP-PILER.pdf,ST
125F,"Stoppage of train services at Uppalpur, Pasivedala and Adoni",30.06.2023,CC-125F-2023-STOP-ADONI-PASIVEDALA-UPPALUR%20(1).pdf,ST
125E,"Stoppage of train services at Chinna Ganjam, Chirala, Putla Cheruvu and Bhimadolu",28.06.2023,CC-125E.pdf,ST
125D,"Stoppage of train services at Mangalagiri, Nayadupeta, Gudur, Koduru and Razampeta",27.06.2023,CC-125D-2023-STOP-MANGALAGIRI-GUDUR-NAYUDUPETA-KODURU-RAZAMPETA.pdf,ST
125C,"Stoppage of train service at New Guntur, Vejandla, Anantpur, Gotty & Tadipatri",26.06.2023,CC-125C-2023-STOP-NEW%20GUNTUR-VEJANDLA-ANATAPUR-GOOTY-TADIPATRI.pdf,ST
125B,"Stoppage of train services at Markapur Road, Giddalur, Cumbum, Yerraguntla &  Ekambarakuppam",24.06.2023,CC-125B-2023-STOP-MARKAPUR%20ROAD-GIDDALUR-CUMBUM%20ETC.pdf,ST
125A,Stoppage of train services at Nadikude & Sullurupeta,23.06.2023,CC-125A-2023-STOP-NADIKUDE-SALLURUPETA.pdf,ST
125,Stoppage of train services at Piduguralla & Sattenapalle,22.06.2023,CC-125-2023-STOP-PIDUGURALLA-SATTENAPALE(1).pdf,ST
124F,"Stoppage of train services at Jamaikunta, Warangal and Peddapalli",07.07.2023,CC-124F-2023-STOP-JAMIKUNTA-WARANGAL-PEDAPALLI.pdf,ST
124E,"Stoppage of train services at Dornakal, Shadnagar, Nawandgi, Sriram Nagar and Jamikunta",28.06.2023,124%20E%20(1).pdf,ST
124D,Stoppage of train services at Mriyalaguda and Nalgonda,27.06.2023,CC-124D-2023-STOP-MIRYALGUDA-NALGONDA.pdf,ST
124C,"Stoppage of train services at Karepalli, Khammam, Madhira, Jadcherla  & Asifabad Road",26.06.2023,CC-124C-2023-STOP-KAREPALLI-KHAMMAM-MIDHIRA-JADCHERLA-ASIFABAD.pdf,ST
124B,Stoppage of train services at Mancheral & Ramgundam,24.06.2023,CC-124B-2023-STOP-MANCHERAL-RAMGUNDAM.pdf,ST
124A,Stoppage of train services at Belampalli & Sirpurkagaznagar,23.06.2023,CC-124A-2023-STOP-BELAMPALLI-SIRPUR%20KAGAZNGR.pdf,ST
124,Stoppage of train services at Gadwal & Mahbubnagar,22.06.2023,CC-124-2023-STOP-GADWAL-MAHBUBNAGAR.pdf,ST
123,Stoppage of 18465/66 Hatia-Puri Express at Kalunga,16.06.2023,CC-123-2023-STOP-KALUNGA.pdf,ST
122F,Provision of stoppages pertaining to SR. (Tamil Nadu),04.09.2023,CC-122F.pdf,PR
122E,Stoppage of 16339/40 CSMT-Nagercoil Express at Samalpatti,18.08.2023,CC-122E-2023-STOP-SAMALPATTI%2019-Aug-2023%2014-15-07.pdf,ST
122D,"Stoppage of train services at Ariyalur, Attur, Chitteri, Cuddalore Fort, Katpadi, Kila Kadaiyam, Kodumudi, Kulitalai, Kulitturai,Mailam, Manaparai, Mandapam, Melmaruvathur, Morappur,Namakkal, Pavurchatram, Peralam, Ramanathapuram, Sholavadan, Sirkazhi, Sivaganga, Tirumangalam, Tiruppadiripuliyur and Valliyur ",10.07.2023,CC-122D.pdf,ST
122C,Stoppage of 16101 Chennai Egmore-Kollam  Express at Sivakasi,10.07.2023,CC-122C-2023-STOP-SIVAKASI.pdf,ST
122B,Stoppage of 16231/32 Mayiladuthurai-Mysuru Express at Papanasam,28.06.2023,122%20B.pdf,ST
122A,Stoppage of train services at Kovilpatti and Kodaikanal Road,21.06.2023,CC-122A-2023-STOP-KODAIKANAL-KOVILPATTI.pdf,ST
122,"Stoppage of 16733/34 Okha-Rameswaram Express, 22651 Palakkad-MGR Chennai Express and 17236 Nagercoil-SMVT Bengaluru Express at Rasipuram ",16.06.2023,CC-122-2023-STOP-RASHIPURAM.pdf,ST
121A,"Stoppage of train services at Kachnara, Piplia and Jawad Road",19.09.2023,CC-121A-2023-STOP-KACNARA-PIPLIA-JAWAD%20ROAD.pdf,ST
121,Stoppage of 19667/68 Udaipur-Mysuru Express and 82653/54 Yesvantpur-Jaipur Express at Nimuch,15.06.2023,CC-121-2023-STOP-NIMACH.pdf,ST
120,Conversion of operational stoppages at Igatpuri into commercial stoppages,15.06.2023,CC-120-2023-STOP-IGATPURI.pdf,CO
119,Extension of 04108/07 Utratia-Sultanpur MEMU upto Shivpur,02.06.2023,cc119.pdf,EX
118,Introduction 22229/30 CSMT -Madgaon Vande Bharat Express,02.06.2023,CC-118-2023-INTRO-CSTM-MAO%20VANDE%20BHARAT.pdf,IN
117G,Stoppage of train services over Southern Railway,03.08.2023,CC-117G-2023-STOP-16%20STOPPAGE%20ON%20SR%20(1).pdf,ST
117F,Stoppage of train services over Southern Railway,10.07.2023,CC-117F-2023-STOP-10%20PAIRS%20IN%20SR.pdf,ST
117E,Stoppage of 16101/02 Chennai Egmore-Kollam Express at Aryankavu and 16791/92 Tirunelveli-Palakkad Palaruvi Express at Kundara,10.07.2023,CC-117E-STOP-ARYANKAYU-KUNDARA.pdf,ST
117D,"Stoppage of train services at Vallikunnu, Quilandi,Karunagapalli, Chalakudi, Ottappalam, Ambalappuzha, Kuttippurm, Neyyattinkara",07.07.2023,CC-117D-2023-STOP-VALLIKUNNU-QUILANDI-KARUNAGAPALLI%20ETC.pdf,ST
117C,Stoppage of 20923/24 Tirunelveli-Gandhidham Humsafar Express at Kollam,26.06.2023,CC-117C-2023-STOP-KOLLAM.pdf,ST
117B,Stoppage of 16128 Guruvayur-Chennai Egmore Express at Varkala Shivagiri,21.06.2023,CC-117B-2023-STOP-VAKALA.pdf,ST
117A,"Stoppage of train services at Changanasseri, Mavelikkara and Munroturuttu",20.06.2023,CC-117%20A.pdf,ST
117,Stoppage of 16649/50 Mangaluru-Nagarcoil Express at Chirayinkeezh,30.05.2023,CC%20117.pdf,ST
116,Stoppage of train services at Pandhurna,29.05.2023,CC-116-2023-STOP-PANDHURNA.pdf,ST
115E,Stoppage of 13349/50 Singrauli-Patna Express at Jakhim and 15021/22 Shalimar-Gorkhapur Express at Anugrah Narayan Road,31.08.2023,CC%20115E.pdf,ST
115B,Stoppage of 18635/36 Ranchi-Sasaram Express at Nabenagar Road,21.06.2023,CC-115B-2023-STOP-NABENAGAR%20ROAD.pdf,ST
115A,Stoppage of 18639/40 Ara-Ranchi Express and 15021/22 Shalimar-Gorakhpur Express at Dehri-on-Sone,13.06.2023,CC-115A-2023-STOP-DEHRI-ON-SONE.pdf,ST
115,Stoppage of 13205/06 Saharsa-Patliputra Janhit Express at Mehnar Road and 15549/50 Jaynagar-Patna Express at Dholi,29.05.2023,CC-115.pdf,ST
114A ,Stoppage of 14617 Banmankhi-Amritsar Jansewa Express and 15203/04 Baranuni-Lucknow Express at Ekma and 15113/14 Gomti Nagar-Chhapra Kacheri Express at Rajapatti,16.08.2023,CC-114A.pdf,ST
114,"Stoppage of train services at Ekma, Rajapatti, Daudpur and Shamkuria",26.05.2023,CC-114-2023-STOP-EKMA-RAJAPATTI%20ETC.pdf,ST
113,Introduction of 22227/28 New Jalpaiguri-Guwahati Vande Bharat Express,27.05.2023,CC-113-2023-INTRO-NJP-GHY%20VB%20EXPRESS.pdf,IN
112J,Stoppage of 18107/08 Rourkela-Jagdalpur Express at Bamra and 18425/26 Puri-Durg Express at Rairakhol,12.09.2023,CC-112J-2023-STOP-BAMRA-RAIRAKHOL.pdf,ST
112I,Stoppage of 20823/24 Puri-Ajmer Express & 22839/40 Rourkela-Bhubaneswar Express at Naraj Marthapur ,17.08.2023,CC-112(I).pdf,ST
112H,Stoppage of 18423/24 Bhubaneswar-Nayagarh Town Sewa Express at Lingaraj Temple and 18118 Gunupur-Rourkela Express at Kashinagar,11.07.2023,CC-112H-2023-LINGRAJ%20TEMPLE%20ROAD-KASHINAGAR.pdf,ST
112G,"Stoppage of train services at Hindol Road, Kanas Road and Belpahar",10.07.2023,CC-112G-2023-STOP-HINDOL%20-KANAS-BELPAHAR.pdf,ST
112F,"Stoppage of train services at Tikiri, Therubali and Singapur Road",30.06.2023,CC-112F-2023-STOP-TIKIRI-THERUBALI-SINGAPUR%20ROAD%20(1).pdf,ST
112 E,Stoppage of 18005/06 Howrah-Jagdalpur Express at Bagdihi and 18309/10 Sambalpur-Jammu Tawi Express at Rengali,01.06.2023,112%20E.pdf,ST
112D,"Stoppage of 22861/62 Howrah-Kantabanji Express, 12871/72 Howrah-Titlagarh Express and 18425/26 Puri-Durg Express at Dungripali",31.05.2023,CC-112D-2023-STOP-DUNGRIPALLI.pdf,ST
112C,Stoppage of 18117/18 Rourkela-Gunupur Rajya Rani Express at Kuhuri and 18425/26 Puri-Durg Express at Mancheswar ,30.05.2023,CC-112C-2023-KUHURI-MANCHESWAR.pdf,ST
112B,"Stoppage of 20809/10 Sambalpur-H.S.Nanded Express at Attabira, 18029/30 Lokmanya Tilak (T)-Shalimar Express at Brajrajnagar and 20837/38 Bhubaneswar-Junagarh Road Express at Lanjigarh Road",30.05.2023,CC-112B-2023-STOP-ATTABIRA-BRAJRAJNAGAR-LANJIGARH.pdf,ST
112A,Stoppage of 18410 Shalimar -Puri Jagannath Express & 18477/78 Puri-Rishikesh Utkal Express at Soro,26.05.2023,CC-112A-2023-STOP-SORO.pdf,ST
112,"Stoppage of train services at Kotpar Road, Kalupara Ghat and Sakhi Gopal",26.05.2023,CC%20112.pdf,ST
111,"Stoppage of 19411/12 Sabarmati-Daulatpur Chowk Express, 19223/24 Ahmedabad-Jammu Tawi Express and 22931/32 Bandra(T)-Jaisalmer Express at Kalol",24.05.2023,CC%20111.pdf,ST
110,Extension of 14309/10 Dehradun-Ajmer Express upto Laxmibai Nagar,24.05.2023,CC-110-2023-EXT-14310-09%20upto%20Laxmibai%20Nagar.pdf,EX
109,"16031/32 Chennai-SVD Katra Andaman Express, 12967/68 Chennai-Jaipur Express and 12511/12 Gorakhpur-Kochuveli Express at Hinganghat",24.05.2023,CC-109-2023-STOP-HINGANGHAT.pdf,16
108A,Change in date of introduction of 22457/58 Anand Vihar(T)-Dehradun Vande Bharat Express w.e.f. 29.05.2023,24.05.2023,CC-108A-2023-INTRO-ANVT-DDN%20VB%20EXPRESS.pdf,CH
108,Introduction of 22457/58 Anand Vihar(T)-Dehradun Vande Bharat Express,23.05.2023,CC%20108.pdf,IN
107,"Stoppage of 12177/78 Mathura-Howrah Express at Barwa Sagar, 19165/66 Ahmedabad-Darbhanga Express at Chirgaon",19.05.2023,CC%20107.pdf,ST
106,Increase in frequency of 13225/26 Danapur-Jaynagar Express and 13227/28 Rajendra Nagar (T)-Saharsa Express from 06 days to daily,19.05.2023,CC%20106.pdf,IN
105C,Stoppage of train service at Barauni and New Barauni,18.08.2023,CC%20105C.pdf,ST
105 A,Stoppage of 15909/10 Dibrugarh-Lalgarh Express and 19305/06 Dr. Ambdedkar Nagar- Kamakhya Express at Sonpur,24.05.2023,CC-105A-2023-STOP-SONPUR.pdf,ST
105,13301/02 Dharband-Tatanagar Express at Pathardih and 12281 Bhunbaneswar-Delhi Duranto Express at Gaya,19.05.2023,CC%20105.pdf,13
104,Stoppage of 13163/64 Sealdah-Saharsa Hatey Bazare Express at Koparia ,19.05.2023,CC%20104.pdf,ST
103,Introduction of Pune-Bikaner Express and Pune-Miraj Express,17.05.2023,CC%20103.pdf,IN
102,"Stoppage of 15663/64 Agartala-Silchar Express at Jogendra Nagar, Manu & Jirania",17.05.2023,102.pdf,ST
101,Extension of 08414/13 (68414/13) Puri-Talcher Passenger Special upto Sunakhani,17.05.2023,CC%20101.pdf,EX
100,Stoppage of 12027/28 Chennai Central-Bengaluru Shatabdi Express at Jolarpettai and change in timings of the same. ,16.05.2023,cc%20100.pdf,ST
99A,Modification in message no. CC 99 ,16.05.2023,cc%2099A.pdf,MO
99,"Increase in stoppage time of 20171/72 Rani Kamlapati Habibganj-H. Nizamuddin Vande-Bharat Express at Lakshmibai Jhansi, Gwalior and Agra Cantt. ",15.05.2023,CC%2099.pdf,IN
98,"Stoppage of train service at Buxar, Raghunathpur, Chausa, Sikaria Halt and Durgauti",15.05.2023,CC%2098.pdf,ST
97,Stoppage of 12567/68 Patna-Saharsa Rajya Rani Express & 18625/26 Purnea Court-Hatia  Express at New Barauni,15.05.2023,CC%2097.pdf,ST
96,Stoppage of 19167/68 Ahmedabad-Varanasi Express at Babina,12.05.2023,CC%2096.pdf,ST
95,Extension of 05515/16 Saharsa-Lalitgram Special & 05579/80 Darbhanga-Jhanjharpur Special upto Forbesganj,10.05.2023,CC%2095%20EXTENSION%20OF.pdf,EX
94,Introduction of train service between Fatuha and Hilsa,10.05.2023,CC%2094%20FATUHA%20TO%20HILSA.pdf,IN
93,Stoppage of 15553/54 Bhagalpur-Jaynagar Express at Bachhwara,09.05.2023,CC%2093.pdf,ST
92,Stoppage of 13005/06 Howrah-Amritsar Mail and 14649/50 Jaynagar-Amritsar Saryu-Yamuna Express at Kartarpur,09.05.2023,CC%2092%20stoppage%20at%20Kartarpur.pdf,ST
91,Stoppage of 18011/12 Howrah-Chakradharpur Express at Bishnupur and 12827/28 Howrah-Purulia Express at Ondagaram,09.05.2023,CC%2091.pdf,ST
90,"Extension of 12891/92 Bangriposi-Bhubaneswar Express upto Puri and stoppage at Buramara, Kuchai and Jamsole",08.05.2023,CC%2090.pdf,EX
89,Extension of 09603/04 Jaipur-Loharu Passenger Special upto Bhatinda & 09705/06 Jaipur-Sadulpur Passenger Special upto Sriganganagar,08.05.2023,CC-89.pdf,EX
88,Stoppage of 11057/58 Chhatrapati Shivaji Maharaj (T)-Amritsar Express and 13201/02 Lokmanya Tilak (T)-Patna Express at Devlali,28.04.2023,CC%2088.pdf,ST
87,Extension of 09481/82 (59481/82) Mahesana-Patan Passenger upto Bhildi and change in timings and increase in frequency of 09483/84(59483/84) Mehsana-Patan Passenger Special from 5 days a week to daily,28.04.2023,CC%2087.pdf,EX
86R,Stoppage of 18616 Howrah-Hatia Kriya Yoga Express at Torang,16.11.2023,86%20R%20Torang.pdf,ST
86Q,Stoppage of 18181/82 Tatanagar-Thawe Express at Joychandi Pahar and 18615 Howrah-Hatia Kriya Yoga Express at Torang,08.11.2023,CC%2086Q.pdf,ST
86P,Stoppage of 15027/28 Hatia-Gorakhapur Maurya Express & 12817/18 Hatia-Anand Vihar (T) Jharkhand Swarna Jayanti Express at Jhalida and 18011/12 Howrah-Chakradharpur Express at Salboni,09.10.2023,CC-86%20P%20(Jhalida%20%26%20Salboni)%20message.pdf,ST
86O,Stoppage of 13105/05 Sealdah-Ballia Express at Panagarh,26.09.2023,CC-80(O).pdf,ST
86N,"Stoppage of train services at Panagarh, Kotshla, Barabhum & Siuri",25.09.2023,CC-86N.pdf,ST
86M,Stoppage of 08670 Bhojudih-Adra MEMU at Santaldih,21.09.2023,CC%2086%20M.pdf,ST
86L,Stoppage of 13415/16 Malda Town-Patna express & 13420 Muzaffarpur-Bhagalpur Jansewa Express at Abhaipur,20.09.2023,CC86L.pdf,ST
86K,Stoppage of 18011/12 Howrah-Chakradharpur Express at Chandrakona Road and 13163/64 Sealdah-Saharsa Hatebazare Express at Eklakhi,12.09.2023,CC-86K-2023-STOP-CHANDRAKONA-EKLAKHI.pdf,ST
86I,Stoppage of 13141 Sealdah-Alipurduar Teesta Torsha Express at Dalkolha & 15047/15048 Kolkata-Gorakhpur Purbanchal Express at Panagarh,31.08.2023,CC%2086I.pdf,ST
86H,Stoppage of 12021/12022 Howrah-Barbil Janshatabdi Express at Jhargarm,30.08.2023,CC%2086H.pdf,ST
86G,Stoppage of 13147/13148 Sealdah-Bamanhat Uttarbanga Express at Kumedpur,30.08.2023,CC%2086G.pdf,ST
86F,Stoppage of 12827/28 Howrah-Purulia Express at Jhantipahari and 18615 Howrah-Hatia Kriya yoga Express at Suisa,30.08.2023,CC%2086F.pdf,ST
86E,"Stoppage of train services at Barabhum, Santadih, Jhalda and Kotshila",10.07.2023,CC%2086E.pdf,ST
86D,Stoppage of 13149/13150 Sealdah-Alipurduar Kanchankanya Express at Naxalbari,23.05.2023,CC%2086D.pdf,ST
86C,"Stoppage of train services at Bardhaman, Mankar, Panagarh",09.05.2023,CC%2086C.pdf,ST
86B,Stoppage of 14003/14004 Malda Town-New Delhi Express & 15647/15648 Guwahati-Lokmanya Tilak(T) Express at Abhaipur,02.05.2023,CC%2086B.pdf,ST
86A,"Stoppage of train services at Harishandrapur, Eklakhi and Samsi",28.04.2023,CC-86A.pdf,ST
86,Stoppage of 13141/42 Sealdah-New Alipurduar Tessta Torsha Express at Belakoba and 12345/46 Howrah-Guwahati Saraighat Express at Dhupguri,28.04.2023,CC%2086.pdf,ST
85,Introduction of 22895/96 Howrah-Puri Vande Bharat Express,16.05.2023,CC-85-2023-INTRO-HWH-PURI%20VANDE%20BHARAT%20EXP%20(1).pdf,IN
84,Introduction of train service between Pratapnagar-Alirajpur and 09181/82 Pratapnagar-Chhota Udepur Passenger Special,25.04.2023,CC-84-2023-INTRO-PRATAPNAGAR-ALIRAJPUR%20ETC_%20(1).pdf,IN
83F,"Stoppage of train service at Bhojudih, Khalari, Tinpahar, Garhwa Town, Chandil, Katrasgarh & Pokla",21.08.2023,CC-83F.pdf,ST
83E,"Stoppage of train service over Barwadih, Latehar &  Chhipadohar",05.08.2023,CC-83E-2023-STOP-BARWADIH-LATEHAR-CHHIPODAHAR.pdf,ST
83D,Stoppage of 15027 Hatia-Gorakhpur Maurya Express & 18449 Puri-Patna Badyanathdham Express at Vidyasagar,29.05.2023,CC%2083%20D.pdf,ST
83C,Stoppage of 13425/26 Malda-Surat Express & 12835/36 Hatia-SMVT Bengaluru at Bano,12.05.2023,CC-83C.pdf,ST
83B,"Stoppage of train services at Rajkharsawan, Sini, Haidarnagar & Untari Road",04.05.2023,CC-83B-2023-STOP-SINI-RAJKHARSAWAN%20ETC.pdf,ST
83A,Stoppage of train services at Jamtara,27.04.2023,CC-83A-2023-STOP-JAMTARA.pdf,ST
83,Stoppage of train services at Chandil and Khalari,25.04.2023,CC-83-2023-STOP-CHANDIL-KHALARI.pdf,ST
82,Extension of 14159/60 & 14261/62 Gaya-Pt. Deen Dayal Upadhyay Ekatma Express upto Gaya,25.04.2023,CC-82-2023-EXT-EKTMATA%20EXPRESS%20TO%20GAYA%20(1).pdf,EX
81A,"Additional stoppage of Danapur-Jogbani Express & Jogbani-Saharsa Express at Raghopur, Narpatganj & Ghoghardiha",17.05.2023,81%20(A).pdf,AD
81,Introduction of Danapur-Jogbani Express and Jogbani-Saharsa Express,21.01.2023,CC%2081%20(1).pdf,IN
80,Introduction of 20633/34 Kasargod-Thiruvananthapuram Vande Bharat Express,21.04.2023,CC-80-2023-INTRO-KASRAGOD-TVC%20VB%2022-Apr-2023%2013-18-17%20(1).pdf,IN
79,Stoppage of 18005/06 Howrah-Jagdalpur at Ambodala,22.04.2023,CC-79-2023-STOP-%20AMBODALA%20(1).pdf,ST
78,Stoppage of train services at Chandod,20.04.2023,78%20CHANDOD.pdf,ST
77,Introduction of 01065/66 Dhule-Dadar Express,20.04.2023,CC-77-2023-INTRO-DHULE-DADAR.pdf,IN
76,Stoppage of train service at Ratnipora,17.04.2023,CC-76-2023-STOP-RATNIPORA%20(1).pdf,ST
75,Stoppage of 12011/12 New Delhi-Kalka Shatabdi Express at Sonipat,17.04.2023,CC-75-2023-STOP-SONIPAT%20(1).pdf,ST
73,Introduction of 14527/28 Bhatinda-Sri Ganganagar Express,12.04.2023,CC%2073.pdf,IN
72,Introduction of Ranchi- Giridih Express,11.04.2023,CC%2072.pdf,IN
71,Introduction of 01891/01892 MEMU train between Gwalior and Etawah via Bhind,11.04.2023,CC-71.pdf,IN
70,Introduction of 20977/78 Ajmer-Delhi Cantt. Vande Bharat Express,10.04.2023,CC%2070.pdf,IN
69,"Operation of 12467/68 Jaipur-Jaisalmer Express, 14703/04 Lalgarh-Jaisalmer Express, 15013/14 Kathgodam-Jaisalmer Express and 22931/32 Bandra (T)-Jaisalmer Express via Ashapura Gomat-Pokhran Ramdevra section along with commercial stoppages at Pokhran.",07.04.2023,CC%2069.pdf,OP
68,Introduction of 20701/02 Secunderabad-Tirupati Vande Bharat Express,06.04.2023,CC%2068.pdf,IN
67,Introduction of train between Tambaram and Sengottai,06.04.2023,CC%2067.pdf,IN
66,Introduction of 10 pairs of MMTS Service on Secunderabad Medhchal section & extension of trains upto Umdanagar,05.04.2023,CC%2066.pdf,IN
65A,Change in timings of 12189/90 H. Nizamuddin-Jabalpur Express and stoppage of 12001/02 Rani Kamlapati-New Delhi Shatabdi Express at Bina,31.03.2023,CC%2065%20A.pdf,CH
65,Stoppage of 20171/72 Rani Kamlapati-H. Nizamuddin Vande Bharat Express,31.03.2023,CC%2065.pdf,ST
64,Introduction of 08555/56 Bhadrak-Nayagarh Town MEMU Special,29.03.2023,CC%2064.pdf,IN
63,Change in timing of 11003/04 Swatrantrawadi-Dadar Express,29.03.2023,CC%2063.pdf,CH
62,Extension of 17643/44 Chengalpattu-Kakinada Port Express upto Puducherry and stoppage 16111/12 Tirupati-Puducherry Express at Villianur,29.03.2023,CC%2062.pdf,EX
61,Stoppage of 11755/56 Itwari- Rewa Express ,28.03.2023,CC%2061.pdf,ST
60,Stoppage of 13351/52 Dhanbad-Alappuzha Express at Attabira,24.03.2023,CC%2060.pdf,ST
59,"Stoppage of 11107/08 Gwalior-Banaras Express, 15017/18 Lokmanya Tilak (T)-Gorakhpur Express and 11071/72 Lokmanya Tilak (T)-Banaras Express  at Dabhaura",24.03.2023,cc%2059%20dabhaura%20(1).pdf,ST
58V,"Stoppage of train services at Ramganj Mandi, Digod, Keshorai Patan and Bundi",19.09.2023,CC-58V.pdf,ST
58U,"Stoppage of train services at Kharia Khangar, Umed, Dundara, Luni and Marwar Mathaniya",19.09.2023,CC-58U.pdf,ST
58T,"Stoppage of train services at Khajwana, Gotan, Renwal, Phulera, Dahar Ka Balaji, Merta Road, Phulera and Nagaur",19.09.2023,CC-58T-2023-STOP-GOTAN-KHAJWANA-NAGORE%20ETC.pdf,ST
58S,"Stoppage of 12471/72 Bandra (T)-Shri Mata Vaishno Devi Katra Swaraj Express at Gangapur City, 12937/38 Gandhidham-Howrah Express at Shri Mahabirji, 13237/38 Patna-Kota Express at Narayanpur Tatwara, 16311/12 Shri Ganganagar-Kochuveli Express at Lalgarh and Kishangarh",19.09.2023,CC-58S.pdf,ST
58R,Stoppage of 22981/82 Kota-Shri Ganganagar Express & 22997/98 Jhalawar-Shri Ganganagar Express,12.09.2023,CC%2058R%20nawa%20city%20stoppage.pdf,ST
58Q,Stoppage of 12181/82 Ajmer-Jabalpur Express at Atru and 06615/16 Nagda-Kota MEMU special at Talavli,01.08.2023,CC-58%20Q%20STOP%20ATRU%20%26%20TALAVLI.pdf,ST
58P,Stoppage of 14887/88 Rishikesh-Barmer Express & 14707/08 Bikaner-Dadar Express at Deshnok,13.07.2023,CC-58P-2023-STOP-DESHNOK.pdf,ST
58O,"Stoppage of 14665/66 Jaisalmer –Jammu Tawi Express, 14661/62 Barmer-Jammu Tawi Express at Barmer",09.06.2023,CC-58O-2023-STOP-%20Kuchaman%20city.pdf,ST
58N,Stoppage of 19817/18 Ratlam-Agra Express at Upar Mal ,19.05.2023,cc%2058N%20uparmal%20stoppage.pdf,ST
58M,Stoppage of 22987/88 Ajmer-Agra Fort Express at Bandikui ,18.05.2023,CC%2058%20M.pdf,ST
58L,Stoppage of 14887/88 Barmer-Rishikesh Express at Manaksar,11.05.2023,CC%2058L%20stoppage%20at%20Manaksar.pdf,ST
58K,Stoppage of 12475/76 Hapa-Shri Mata Vaishno Devi Katra Express at Bhawanimandi and 12969/70 Jaipur-Coimbatore Express at Chau Mahala,09.05.2023,CC%2058%20K.pdf,ST
58J,Stoppage of 14803/04 Jaisalmer-Sabarmati Express at Marwar Mathaniya and Osiyan,05.05.2023,CC%2058%20J.pdf,ST
58I,Stoppage of 22483/84 Jodhpur-Gandhidham Express at Modran,26.04.2023,CC-58I-2023-STOP-MODRAN.pdf,ST
58H,Stoppage of 19223/24 Ahmedabad-Jammu Tawi Express at Gotan,20.04.2023,CC%2058H%20gotan%20stoppage.pdf,ST
58G,"Stoppage of 14813/14 Jodhpur-Bhopal Express at Gotan & Jalsu, 12489/90 Bikaner-Dadar Express at Merta Road and 12323/24 Barmer-Howrah Express at Degana",19.04.2023,CC%2058G%20Gotan%20Jalsu%20Merta%20road%20Degana.pdf,ST
58F,Stoppage of 22983/84 Kota-Indore Express at Antah and 19223/24 Ahmedabad-Jammutawi Express at Pindwara,10.04.2023,58f.pdf,ST
58E,Stoppage of 22483/84 Jodhpur-Gandhidham Express at Samdari,05.04.2023,CC%2058%20E%20(1).pdf,ST
58D,Stoppage of 16311/12 Shri Ganganagar-Kochuveli Express at Falna,03.04.2023,CC%2058%20D%20(1).pdf,ST
58C,"Stoppage of train service at  Kanakpura, Harnoda &  Bijainagar",31.03.2023,CC%2058%20C.pdf,ST
58B,Stoppage of 22965/66 Bhagat ki Kothi-Bandra at Pali Marwar,29.03.2023,CC%2058%20B.pdf,ST
58A,"Stoppage of train service at Marwar Lohawat, Jawai Bandh and Rani ",29.03.2023,CC%2058%20A.pdf,ST
58,Stoppage of train services over NWR,24.03.2023,CC%2058.pdf,ST
57,Stoppages over SECR,17.03.2023,CC%2057%20(1).pdf,ST
55,16345/46 LTT-TVC Netravati Express and 16335/36  Gandhidham-Nagarcoil Express at Canacona,21.03.2023,CC%2055%20(1).pdf,16
54,Extension of 07823 Dallirajhara-Keoti DEMU and 08816 Keoti-Raipur DEMU service upto Antagarh,22.03.2023,CC%2054%20(1).pdf,EX
53K,Stoppage of train services over CR & KRCL,18.08.2023,CC-53K.pdf,ST
53L,"Stoppage of train services at Kasara, Pimpalkhuti and Khed",18.08.2023,CC-53L.pdf,ST
53K,"Stoppage of train services at Masur, Satara, Karjat, Lonavala, Roha, Bhigwan and Sangmeshwar Road", ,CC-53K.pdf,ST
53J,"Stoppage of train services at Barsi Town, Shegaon, Jalamb, Jeur, Kem, Madha and Targaon",17.08.2023,CC-53J.pdf,ST
53I,"Stoppage of train services at Hotgi, Kalyan, Kopargaon, Kanhegaon and Nagpur",17.08.2023,CC-53I.pdf,ST
53G,Stoppage of 12389/90 Gaya-Chennai Express at Nagbhir,05.04.2023,CC%2053%20G.pdf,ST
53F,Stoppage of 17307/08 Mysore-Bagalkot Basava Express at Akalkot Road,03.04.2023,,ST
53E,Stoppage of11753/54 Itwari-Rewa Express at Bhandara Road,31.03.2023,CC%2053%20E.pdf,ST
53D,"Stoppage of 13201/02 Patna-Lokmanya Tilak (T) Express, 11071/72 Lokmanya Tilak (T)-Banaras Kamanyani Express and 22537/38 Lokmanya Tilak (T)-Gorakhpur Kushinagar Express at Nandgaon",29.03.2023,CC%2053%20D.pdf,ST
53C,Stoppage of train services over CR,28.03.2023,CC%2053%20C.pdf,ST
53B,Stoppage of train services over CR,27.03.2023,CC%2053B.pdf,ST
53A,Stoppage of train services over WR,24.03.2023,CC%2053A.pdf,ST
53,"Stoppage of 22141/42 Nagpur-Pune Express, 12421/22 Nanded Amritsar Express and 12751/52 Nanded-Jammu Tawi Express at Shegaon, 11039/40 Kolhapur-  Gondia Express  at Jalamb",21.03.2023,CC%2053%20(1).pdf,ST
52,20643/44 Coimbatore- MGR Chennai Vande Bharat Express,06.04.2023,CC%2052.pdf,20
51,Change in days of operation of 22435/36 New Delhi-Varanasi Vande Bharat Express,22.03.2023,CC%2051%20(1).pdf,CH
50,Stoppage of 18005/06 Howrah-Jagdalpur Express & 18451/52 Hatia-Puri Express at Garpos,15.03.2023,CC%2050.pdf,ST
49A,Closure of train operation on Dholpur-Sirmutra & Mohri-Tantpur Secction,28.03.2023,CC%2049A.pdf,CL
49,Closure of Mathura-Vrindavan NG section for gauge conversion,15.03.2023,CC%2049.pdf,CL
48,Introduction of a new Special service between Patna and Rajgir and increase in frequency of 13331/13332 Dhanbad-Patna Express from 06 days a week to Daily.,10.03.2023,CC-48-2023-INF-13331-32%20EXPRESS%20TO%20DAILY.pdf,IN
47,Change in timings of 10108 Mangalore-Madgaon Express and 50103 Diva-Ratnagiri Passenger.,07.03.2023,CC%2047.pdf,CH
45,Stoppage of 12985/86 Jaipur-Delhi Sarai Rohilla Express at Dausa and 20489/90 Barmer-Mathura Express at Baswa,06.03.2023,CC%2045.pdf,ST
44,"Stoppage of 19609/10 at Gangrar, and 12719/20 Jaipur-Hyderabad Express and 17019/20 Jaipur-Hyderabad Express at Nimbahera",03.03.2023,CC%2044.pdf,ST
43,"1. Introduction of Nainpur-Mandla Fort Passenger with the Rake of Chhindwara-Nainpur Passenger.
  2. Introduction of new train no. 11756/11755 Rewa-Itwari Express (4-days in a week) via Jabalpur - Nainpur - Chhindwara – Itwari.
  3. Introduction of Jabalpur -Gondia Passenger (Daily)
  4. Extension of Train no. 14624/14623 Firozpur Cantt. - Chhindwara Patalkot Express upto Seoni
  5. Extension of Train no. 19343/09590 (regular 59396) Penchvalley Express up to Seoni, and
  6. Extension of 07813/14 Tumsar – Tirodi DEMU Passenger Special upto Balaghat.",01.03.2023,CC%2043.pdf,1.
42,Introduction of two pairs of DEMU services between Kalaburagi and Bidar (6 days a week).,28.02.2023,CC%2042.pdf,IN
41E,"Stoppage of train services at Bhatkal, Saidpur, Gokak Road, Annegiri, Sisvanhalli",28.03.2023,CC-41E-2023-STOP-BHATKAL-SAIDAPUR.pdf,ST
41D,Stoppage of 12201/02 LTT-Kochuveli Express at Ankola and 16345/46 LTT-TVC Express at Bhatkal,06.03.2023,CC%2041%20D.pdf,ST
41C,12201/02 Kochuveli-Lokmanya Tilak (T) Garib Rath Express at Byndoor Mookambika Road,03.03.2023,CC%2041%20C.pdf,12
41B,Stoppages over SWR & KRCL,02.03.2023,CC%2041%20B.pdf,ST
41A,Stoppages over SWR & KRCL,01.03.2023,CC%2041%20A.pdf,ST
41,"Stoppage of 14805/06 Yesvantpur-Barmer Express at Birur, 17309/10 Yesvantpur-Vasco-Da-Gama Express at Kadur, 16345/46 Lokmanya Tilak(T)-Trivendrum Central Express at Kundapura 12619/20 Lokmanya Tilak (T) Mangalore Matsayagandha Express at Barkur, 16220 Tirupati-Chamrajnagar Express at Kamasamundram, 17209/10 Bangaluru-Kakinada Seshadri Express at Tyakal, 22678 Kochuveli-Yesvantpur Express at Bangarapet and 17303/04 Hubballi Karatagi Express at Banni Koppa","28.02.2023",CC%2041.pdf,ST
40P,Stoppage of 16031/32 MGR Chennai-SVD Katra Andman Express at Sorai and 19413/14 Ahmedabad-Kolkata Express at Shujalpur,19.09.2023,CC-40P-2023-STOP-SORAI-SHUJALPUR.pdf,ST
40O,Stoppage of 15159/60 Chhapra-Durg Sarnath express & 18257/58 Bilaspur-Chirmiri Express at Kargi Road and 18257/58 Bilaspur-Chirmiri Express at Belgahana,07.09.2023,CC-40(O)-2023.pdf,ST
40N,"Stoppage of train services over CR, SECR, WCR & WR",11.08.2023,CC-40N%2011%20stoppage%20over%20WCR%20%26%20WR.pdf,ST
40M,Stoppage of SECR & SER,03.08.2023,CC-40M-2023-STOP-SECR-SER.pdf,ST
40L,"Stoppage over CR, SECR & WCR",03.08.2023,CC%2040%20L.pdf,ST
40K,"Stoppage of 12217/18 Kochuveli-Chandigarh Express, 12483/84 Kochuveli-Amritsar Express, 22659/60 Kochuveli-Yognagri Rishikesh Express and 12449/50 Madgaon-Chandigarh Express at Ratlam",29.05.2023,cc%2040k.pdf,ST
40J,Stoppage of 22163 Bhopal-Khajuraho Express at Ishanagar,19.05.2023,CC-40J-2023-STOP-ISHANAGAR.pdf,ST
40I,Stoppage of train services at Pipraigaon and Kolaras,02.05.2023,CC%2040%20I.pdf,ST
40H,Stoppage of 19019/20 Bandra (T)-Haridwar Express & 19037/38 Barauni-Bandra(T) Avadh Express at Garoth and 20957/58 Indore-New Delhi Express at Shamgarh,28.04.2023,CC-40H-2023-STOP-GAROTH-SHAMGARH%20(1).pdf,ST
40G,08269/70 Anuppur-Chirmiri Passenger Special at Manendragarh,13.04.2023,CC%2040%20G.pdf,08
40F,Stoppage over WCR  ,20.03.2023,CC40F.pdf,ST
40E,"Stoppages over CR, WCR & WR",06.03.2023,CC%2040%20E.pdf,ST
40D,Stoppage of 12197/98 Bhopal-Gwalior Express at Kolaras and Badarwars,04.03.2023,CC%2040%20D.pdf,ST
40C,Stoppages over SECR,03.03.2023,CC%2040%20C.pdf,ST
40B,Stoppages over SECR,02.03.2023,CC%2040%20B.pdf,ST
40A,"Stoppage of 18233/34 Indore-Bilaspur Narmada Express at Jaithari, 18477/78 Puri-Rishikesh Utkal Express at Chandia Road, 15159/60 Chhapra-Durg Sarnath Express & 18247/48 Bilaspur-Rewa Express at Umaria, 18247/48 Bilaspur-Rewa Express at Birsinghpur, 12167/68 Lokmanya Tilak (T)-Banaras Express at Burhanpur and 19483/84 Ahmedabad-Barauni Express at Khandwa",01.03.2023,CC%2040%20A.pdf,ST
40,"Stoppages of train services over CR, NCR, WCR & WR",28.02.2023,CC%2040.pdf,ST
39,Introduction of 19821/22 Asarva-Kota Express,27.02.2023,CC%2039.pdf,IN
38,Introduction of 12981/82 Jaipur-Asarva Express,27.02.2023,CC%2038.pdf,IN
37,"Stoppage at 19713/14 Jaipur-Secunderabad Express at Multai, 22175/76 Nagpur-Ajmer Express at Amla and 11079 Lokmanya Tilak (T)-Gorakhpur Express at Harda",27.02.2023,CC%2037.pdf,ST
36,Extension of 12537/12538 Muzaffarpur-Banaras Express (bi-weekly) upto Prayagraj Rambagh,27.02.2023,CC%2036.pdf,EX
35,Extension of 19329/30 Indore-Udaipur Express upto Asarva.,27.02.2023,CC%2035.pdf,EX
34,Stoppage of 22671/22672 Chennai Egmore- Madurai Tejas Express at Tambaram.,24.02.2023,CC%2034.pdf,ST
33,Stoppage of 12991/92 Udaipur-Jaipur Express(daily) at Asalpur Jobner and 12467/68 Jaipur-Jaisalmer Leelan Express at Kanakpura,20-02-2023,CC%2033.pdf,ST
32,Review of experimental stoppages at Bagdehi and Bamra,14.02.2023,CC%2032.pdf,RE
31A,Modification in date of stoppage of trains at Pokhrayan,14.02.2023,CC%2031%20A.pdf,MO
31,"Stoppage of 12103/04 Pune-Lucknow Express(Weekly), 16093/94 Lucknow-Chennai Express (Bi-weekly) and 15065/66 Gorakhpur-Panvel Express( 5 days) trains at Pokhrayan station",13.02.2023,cc%2031.pdf,ST
30,"Stoppage of 12763 Tirupati-Secunderabad Express (5 days a week), 17205/06 Sainagar Shirdi-Kakinada (triweekly) and 17207/08 Sainagar Shirdi-Vijaywada Express (Weekly) at Kesamudram",10.02.2023,CC%2030.pdf,ST
29,Stoppage of 13243/13244 Patna-Bhabua Express at Pusauli Station.,09.02.2023,CC%2029.pdf,ST
28,Stoppage of 22129/30 Lokmanya Tilak (T)-Prayagraj Tulsi Express at Nivari,09.02.2023,CC%2028.pdf,ST
27,Introduction of Vande Bharat Express Between CSMT and Sainagar Shirdi and Between CSMT and Solapur,08.02.2023,CC%2027.pdf,IN
26,Operating 12209/10 Kanpur Central-Kathgodam Garib Rath via Rampur Jn,08.02.2023,CC%2026.pdf,OP
25,Stoppage of 13201/02 Patna-Lokmanya Tilak(T) Express at Nepanagar,06.02.2023,CC%2025.pdf,ST
24,Stoppage of 13020 Kathgodam-Howrah Bagh Express and 13021 Howrah-Raxaul Mithila Express at Barhiya station,03.02.2023,CC%2024.pdf,ST
23,Stoppage of 18237/38 Korba/Bilaspur-Amritsar Chattisgarh Express (Daily) at Basai station.,01.02.2023,CC%2023.pdf,ST
22,12393/94 Rajendranagar(T)- New Delhi Sampoorna Kranti Express at Ara,31.01.2023,CC%2022.pdf,12
21,"Stoppage of 14801/02 Jodhpur-Indore Express at Raila Road, 19609/10 Udaipur-Rishikesh Express at Hamirgarh and 19817/18 Ratlam-Agra Fort Express at Shyampura",30.01.2023,CC%2021.pdf,ST
20,Stoppage of 19715/16 Jaipur-Gomtinagar Express (Tri-weekly) and 22921/22 Bandra (T)-Gorakhpur Antyodaya Express (Weekly) at Gursahaiganj,27.01.2023,CC%2020.pdf,ST
19,Stoppage of 12937/38 Howrah-Gandhidham Garbha Express at Mirzapur and 12947/48 Patna-Ahmedabad Azimabad Expess at Vindhyachal,27.01.2023,CC%2019.pdf,ST
18,"Stoppage of 20955/56 Surat-Mahuva Express at Damnagar, 20959/60 Valsad-Vadnagar Express at Visnagar",25.01.2023,CC%2018.pdf,ST
17,Extension of 19724 Rewari-Phulera Express upto Madar Junction and change in originating station of 09735 Phulera-Rewari Passenger Special to Madar Junction.,24.01.2023,CC%2017.pdf,EX
16,Stoppage of 18615/18616 Hatia-Howrah Kriya Yoga Express at Chandil station,27.01.2023,CC%2016.pdf,ST
15A,Stoppage of 20451/52 Sogaria-New Delhi Express at Hindaun City and 12415/16 Indore-New Delhi Express at Shri Mahabirji,14.09.2023,CC-15%20A.pdf,ST
14,"Stoppages of 18233/34 Indore-Bilaspur Narmada Express and 18247/48 Bilaspur-Rewa Express at Kargi Road, 18233/34 Indore-Bilaspur Narmada Express at Belgahna, 18109/10 Tatanagar-Itwrai Passenger at Belha",27.01.2023,CC%2014.pdf,ST
13,"Stoppage of 18477/78 Puri-Yognagari Rishikesh Express, 12875/76 Anand Vihar(T)-Puri Neelachal Express at Sakhi Gopal",27.01.2023,CC%2013.pdf,ST
12,Stoppage of 16593/94 Bengaluru-Nanded Express at Kamalnagar,24.01.2023,CC%2012.pdf,ST
11,Stoppage of 17615/16 Kacheguda-Madurai Express & 16127/28 Chennai Egmore-Guruvayur Express at Kodaikanal Road,24.01.2023,CC%2011.pdf,ST
10,Naming of 20831/32 Shamlimar-Sambalpur Express (Tri-weekly) as Mahima Gosain Express,27.01.2023,CC%2010.pdf,NA
09,"Stoppage of 15205/06 Jabalpur-Lucknow Chitrkoot Express at Majhgawan (MLG), 15159/60 Chhapra-Durg Sarnath Express at Jaitwar (JTW), 18247/48 Rewa-Bilaspur Express at Unchhera (UHR), 22189/90 Rewa-Jabalpur Express at Jukehi (JKE).",18.01.2023,CC%2009.pdf,ST
08,Stoppage of 20901/20902 Mumbai Central - Gandhinagar Capital Vande Bharat Express at Borivali,17.01.2023,CC%2008.pdf,ST
07,Change in days of operation of 20901/20902 Mumbai Central - Gandhinagar Capital Vande Bharat Express ( operation on Sundays instead of Wednesdays),17.01.2023,CC%2007.pdf,CH
06,Extension of 56701/56702 Madurai-Teni passenger (06701/06702 Madurai-Teni unreserved special) and 20601/20602 MGR Chennai Central-Madurai Express upto Bodinayakanur.,16.01.2023,CC%2006.pdf,EX
05B,Introduction of train service on  Thiruthuraipoondi-Agasthiyampalli section ,06.04.2023,CC%2005%20B.pdf,IN
05 A,Put on hold on order issued vide CC No. 05,27.01.2023,CC%205A.pdf,PU
05,Introduction of 2 pairs of DEMU train services on the Thiruthuraipoondi-Agasthiyampalli section.,16.01.2023,CC%2005.pdf,IN
04,Introduction of Vande Bharat Express between Visakhapatnam and Secunderabad (20833/34).,12.01.2023,CC%2004.pdf,IN
03,Stoppage of 19031/32 Yognagri Rishikesh-Ahmedabad Yoga Express at Somesar,11.01.2023,CC%2003.pdf,ST
02,Allotment of 5 LHB rakes for Bharat Gaurav Train,09.01.2023,CC%2002.pdf,AL
01,Stoppage of trains at Obaidulla Ganj,03.01.2023,CC%2001.pdf,ST
